episode_uid,platform,delivery_mechanism,url,platform_title,platform_description,published_at,published_at_raw,view_count,is_published,downstream_platforms,source,confidence,needs_human
S02E025,fireside,fireside_hub,https://gsr.fireside.fm/3,S02 Ep25 | Truth vs. Technology: What Are We Becoming? | Genesis Science Report with David Rives ,"
        <p>🔬 Insects in Your Food? Brain Size Manipulation? DNA Breakthroughs? Let’s Talk Science, Politics, and Design.</p>

<p>I’m David Rives, and in this thought-provoking episode, we dive into how science, health, and faith intersect in surprising ways.</p>

<p>🧠 First up: Dr. Carl Werner exposes how fossil evidence for human evolution—specifically brain size in so-called &quot;ape-men&quot;—has been altered or misrepresented, shaping public beliefs based on flawed data.</p>

<p>🧬 Then: A major discovery in genetics! Dr. Joe Deweese breaks down how DNA motors can reverse direction—challenging everything we thought we knew about the complexity of genetic organization.</p>

<p>🍬 But before that: With Robert F. Kennedy Jr.’s new role as Secretary of Health and Human Services, we look at his bold claim that food companies are allowed to “mass poison American children.” From cochineal insects in red dye to petroleum-derived Red 40 and even vanilla flavoring made with castoreum (yes, from beavers), we explore how additives—both natural and synthetic—are shaping our health.</p>

<p>🇺🇸 Learn why other nations have banned dyes like Red 40, what “natural flavors” really mean, and how misleading labels can affect your choices.</p>

<p>🧬 Your body is a miraculous, God-designed system—shouldn’t we treat it that way?</p>
      ",2025-05-12,"Mon, 12 May 2025 18:00:00 -0400",,true,"[""spotify"",""apple_podcasts""]",fireside,medium,false
S02E026,fireside,fireside_hub,https://gsr.fireside.fm/4,"S02 Ep026 | Starlink, Predators, and the Pre Fall World | Genesis Science Report with David Rives","
        <p>In this episode of The Genesis Science Report, David Rives explores the delicate balance between scientific discovery and biblical truth. First, wildlife expert Michael Maughon joins the show—duck in hand—to discuss an ancient bird fossil with webbed feet. Was this evidence of evolutionary adaptation, or was this bird fully designed for aquatic life from the start? You’ll get a hands-on look at the incredible design of ducks and how their features challenge evolutionary assumptions.</p>

<p>Then, Dr. Brian Thomas, a leading researcher in fossil biochemistry, returns to discuss groundbreaking findings of preserved collagen in dinosaur bones. What does this discovery mean for the age of these fossils? Could this be more evidence that the Earth is much younger than mainstream science claims?</p>

<p>Plus, David breaks down the rise of global satellite internet and the implications of Starlink technology for exploration, research, and even personal solitude. Is this the next step in human connectivity—or are we trading privacy and peace for endless access?</p>

<p>Join us as we examine these topics and more, always from a biblical worldview.</p>
      ",2025-05-19,"Mon, 19 May 2025 18:00:00 -0400",,true,"[""spotify"",""apple_podcasts""]",fireside,medium,false
S02E027,fireside,fireside_hub,https://gsr.fireside.fm/5,S02 Ep027 | Pipe Organs & Primates: Music vs. Evolution,"
        <p>Is music more than just art? Could it be evidence of intelligent design?<br>
Join David Rives on tonight’s episode of The Genesis Science Report as we explore the profound connection between mathematics and music—a connection that echoes the divine order found in creation. Discover how ancient truths, cutting-edge science, and biblical insight reveal that harmony is no accident.</p>

<p>From Pythagoras to pipe organs, and even modern cochlear implants, we’ll uncover how mathematical precision in sound points to a Creator. You’ll learn how “end correction” in organ pipes helped unlock new breakthroughs in science and technology—and why this matters today.</p>

<p>🔬Then, stay tuned as researcher Joseph Hubbard joins us in-studio to unpack a groundbreaking study that could reshape science and theology alike: Is the universe fine-tuned for life?</p>

<p>🧬Finally, Dr. Carl Werner exposes real cases in paleoanthropology where modern human bones were misclassified as ape-men, challenging long-held evolutionary assumptions.</p>

<p>“Let everything that hath breath praise the Lord.” – Psalm 150<br>
Let’s explore the beauty of sound, the power of numbers, and the fingerprints of God woven throughout His creation.</p>
      ",2025-05-26,"Mon, 26 May 2025 18:00:00 -0400",,true,"[""spotify"",""apple_podcasts""]",fireside,medium,false
S02E028,fireside,fireside_hub,https://gsr.fireside.fm/6,S02 Ep028 | Fossil Clams & Apex Killers: What the Flood Buried,"
        <p>In Episode 28 of The Genesis Science Report, we’re going from the deepest corners of space to life aboard the ISS.</p>

<p>First, David Rives welcomes engineer-turned-creation speaker Spike Psarris to break down a radical new hypothesis: that black holes may be producing dark energy—the mysterious force accelerating our universe’s expansion. Is modern cosmology missing something big? Spike explores the science behind this idea and its potential impact on our understanding of the cosmos through a creationist lens.</p>

<p>Later, Colonel Jeff Williams, a NASA astronaut who has logged over 500 days in space, joins us in-studio. Drawing from his extraordinary experiences on four missions—including long-duration stays on the ISS—Colonel Williams shares how astronauts prepare for the unknown, what it’s like to be delayed in orbit, and how his Christian faith grounded him while gazing down at Earth from 250 miles above.</p>

<p>Plus, we answer a tough viewer question on dinosaurs and the flood, feature a fascinating segment on the chambered nautilus, and spotlight Dinosaurs: Marvels of God’s Design in our Featured Resource.</p>
      ",2025-06-02,"Mon, 02 Jun 2025 18:00:00 -0400",,true,"[""spotify"",""apple_podcasts""]",fireside,medium,false
S02E029,fireside,fireside_hub,https://gsr.fireside.fm/7,S02 Ep029 | Designed to Adapt & Built For A Purpose,"
        <p>In Episode 29 of The Genesis Science Report, we begin with a fascinating look at the human body’s God-designed ability to adapt—especially in the harsh environment of space. David Rives breaks down what happens to astronauts after months in orbit and how the body’s resilience reflects divine engineering.</p>

<p>Then, we welcome Dr. Glenn Wilson, a USDA research hydrologist, who challenges our assumptions about Genesis 1. When the Bible says “dry land appeared,” was it truly dry? Dr. Wilson explores how the Hebrew word yabbashah, paired with soil physics, suggests a life-sustaining Earth optimized for immediate vegetation—reshaping how we understand Day 3 of Creation.</p>

<p>Later in the program, David Coppedge, a former NASA systems engineer and science journalist, joins us to answer a timeless question: If the universe is so massive, how can God still care about us? His thoughtful insights remind us that size doesn’t determine significance—purpose and design do.</p>

<p>Also in this episode: tightly sealed clam fossils in Kids Corner, a historic Bible reading from the Apollo 8 mission in our Genesis Science Minute, and a Featured Resource that digs into the origin of evil—Satan &amp; the Serpent.</p>

<p>It’s a science-meets-Scripture lineup you won’t want to miss.</p>
      ",2025-06-09,"Mon, 09 Jun 2025 18:00:00 -0400",,true,"[""spotify"",""apple_podcasts""]",fireside,medium,false
S02E030,fireside,fireside_hub,https://gsr.fireside.fm/8,S02 Ep030 | CRISPR Unleashed: What Could Go Wrong?,"
        <p>In Episode 30 of The Genesis Science Report, we begin with a powerful exploration of CRISPR, the revolutionary gene-editing tool transforming science and medicine. Host David Rives unpacks its exciting potential for curing disease—and the sobering ethical risks of tampering with the building blocks of life. Could this be a modern Tower of Babel moment for science?</p>

<p>Then we’re joined by wildlife expert and creation speaker Michael Maughon, who brings live birds to the studio to tackle a fascinating evolutionary puzzle: Where did feathers come from? Despite decades of research, scientists still admit they don’t know. Together, we explore why feathers—lightweight, waterproof, and structurally complex—point to intelligent design, not random chance.</p>

<p>Finally, science journalist and former NASA consultant David Coppedge returns to help us address one of humanity’s biggest questions: Are we alone in the universe? With thousands of exoplanets now confirmed, many believe extraterrestrial life is inevitable. But what would intelligent life beyond Earth mean for Christianity, and does the Bible leave room for that possibility? Coppedge offers thoughtful, grounded insight on how science and Scripture intersect in this cosmic debate.</p>

<p>Also featured: a Kids Corner on bears, a Genesis Science Minute on biblical “kinds” vs. species, and a powerful resource unpacking the Tower of Babel and the origins of civilization.</p>

<p>This episode takes you from the genetic code to distant stars—all through the lens of faith and science.</p>
      ",2025-06-16,"Mon, 16 Jun 2025 18:00:00 -0400",,true,"[""spotify"",""apple_podcasts""]",fireside,medium,false
S02E031,fireside,fireside_hub,https://gsr.fireside.fm/9,"S02 Ep031 | Geodes, Geckos & God’s Hidden Wonders","
        <p>In Episode 31 of The Genesis Science Report, we begin with an exploration of a remarkable idea rooted in both Scripture and science: Was the entire Earth once covered in water? David Rives unpacks new research on Earth’s mantle water storage—and connects it to the biblical Flood narrative. Could this “water world” model reshape how we think about Earth’s past, future space travel, and our role as stewards of God’s creation?</p>

<p>Next, wildlife educator Michael Maughon joins us in-studio with live reptiles to discuss a groundbreaking discovery: geckos have a sixth sense. Recent studies reveal these creatures can detect low-frequency ground vibrations through their inner ear—a feature that may extend to other reptiles as well. What does this mean for how animals communicate, survive, and showcase divine design?</p>

<p>Finally, science writer Doug Velting introduces us to a creature that often gets overlooked: the porcupine. With up to 30,000 quills, an internal antibiotic system, and impressive climbing skills, the North American porcupine is more than a defense machine—it’s a masterclass in survival and intentional engineering. Doug walks us through the design features, behaviors, and global diversity of this slow but spectacular animal.</p>

<p>Also in this episode: a Kids Corner on the secret beauty of geodes, a Genesis Science Minute on blood clotting, and a Featured Resource highlighting fifty Ph.D. scientists who affirm a six-day creation.</p>

<p>This week’s episode celebrates creatures great and small—each one designed with care, purpose, and a story that points back to the Creator.</p>
      ",2025-06-23,"Mon, 23 Jun 2025 18:00:00 -0400",,true,"[""spotify"",""apple_podcasts""]",fireside,medium,false
S02E032,fireside,fireside_hub,https://gsr.fireside.fm/10,S02 Ep032 | Playing God? The Shocking Science Behind Extinct Species Resurrection,"
        <p>In Episode 32 of The Genesis Science Report, we begin with a bold question at the crossroads of science and ethics: Should we bring extinct animals back to life? David Rives examines the recent efforts to revive the dire wolf using genetic engineering, exploring the scientific achievements—and the deep moral and theological questions—surrounding de-extinction.</p>

<p>Next, wildlife educator and creation advocate Michael Maughon joins us for a hands-on segment featuring live animals in the studio. From scales to fur, Michael shows how the intricate designs of God’s creatures testify to brilliant, intentional craftsmanship.</p>

<p>Finally, Dr. Stuart Burgess, professor of engineering design at Bristol and Liberty University, explains how scientists are studying bird wings to improve aircraft. Recent research shows how features like covert feathers naturally prevent stalling—something engineers are still trying to replicate. Dr. Burgess demonstrates why even our best human designs can’t match the complexity and efficiency of what God has built into creation.</p>

<p>Also in this episode: a Kids Corner on the strange and diverse world of starfish, a Genesis Science Minute on Darwin’s forgotten flaws, and a Featured Resource unpacking the truth about the Ice Age from a biblical perspective.</p>

<p>This episode blends cutting-edge science with timeless truths—revealing how both innovation and nature point us back to the Creator.</p>
      ",2025-06-30,"Mon, 30 Jun 2025 18:00:00 -0400",,true,"[""spotify"",""apple_podcasts""]",fireside,medium,false
S02E033,fireside,fireside_hub,https://gsr.fireside.fm/11,S02 Ep033 | Satanic Schools and Space Billionaires? What They’re Not Telling You,"
        <p>In Episode 33 of The Genesis Science Report, we begin with an unsettling headline: The Satanic Temple plans to open its own private school. David Rives explores what this means for the cultural and spiritual battles being waged in education today. Is this just a publicity stunt—or a serious threat to the next generation?</p>

<p>Then, author and apologist Bodie Hodge joins us to expose the deeper worldview war behind the rise of movements like this. He explains how modern Satanism borrows heavily from Christian moral language—and how believers can stand firm in truth without fear.</p>

<p>Later, Dr. Jake Hebert, physicist and researcher at the Institute for Creation Research, shares fascinating fossil evidence suggesting that prehistoric crocodiles and other creatures lived far longer than their modern counterparts. Could this longevity hint at the extreme ages recorded in Genesis—and challenge the evolutionary timeline?</p>

<p>Also in this episode: a Kids Corner warning about poison ivy, a Genesis Science Minute on Earth’s unique habitability, and a Featured Resource offering a biblical view of the Grand Canyon’s formation.</p>

<p>This episode takes you from cultural headlines to ancient fossils—all with a biblical lens.</p>
      ",2025-07-07,"Mon, 07 Jul 2025 18:00:00 -0400",,true,"[""spotify"",""apple_podcasts""]",fireside,medium,false
S02E034,fireside,fireside_hub,https://gsr.fireside.fm/12,"S02 Ep034 | Project 2025, Prayer, and Proof of God’s Design","
        <p>In Episode 34 of The Genesis Science Report, we open with an important question: Can science stay true to its purpose when political agendas threaten to rewrite the rules? David Rives dives into the implications of Project 2025, highlighting the growing tension between genuine scientific inquiry and ideological influence—and why separating science from politics matters more than ever.</p>

<p>Next, wildlife educator Michael Maughon is back with another round of live animal demonstrations. Through claws, scales, and surprising adaptations, Michael showcases the brilliant designs God placed into each creature—reminding us that nature points directly to the Creator.</p>

<p>Finally, science journalist David Coppedge tackles a profound theological question: How can God hear billions of prayers at once? Using analogies from computer science and his own experience at NASA’s Jet Propulsion Laboratory, Coppedge helps bridge science and faith to reveal why God’s omnipotence makes every prayer personal.</p>

<p>Also featured: a Kids Corner on the giant sauropods, a Genesis Science Minute asking where you place your faith, and a Featured Resource offering a biblical guide to North American dinosaurs.</p>

<p>This episode blends scientific integrity, live animal encounters, and deep theological reflection—unpacking truth from every angle.</p>
      ",2025-07-14,"Mon, 14 Jul 2025 18:00:00 -0400",,true,"[""spotify"",""apple_podcasts""]",fireside,medium,false
S02E035,fireside,fireside_hub,https://gsr.fireside.fm/13,S02 Ep035 | Saturn’s New Moons and the Secrets of Resurrection,"
        <p>In Episode 35 of The Genesis Science Report, we begin with an incredible discovery: 128 new moons around Saturn, reminding us that even in our solar system, exploration is far from over. David Rives draws a powerful connection between new scientific discoveries and the humility modeled by Job in Scripture—there’s always more to learn about God’s vast creation.</p>

<p>Then, Dr. Paul Nelson, philosopher of biology and Senior Fellow at the Discovery Institute, joins us to examine a new scientific claim: that intelligent life is inevitable given enough time. Dr. Nelson unpacks the flaws in this “hard steps” model of evolution and shows why—even with updated theories—the evidence points more clearly to intelligent design, not random chance.</p>

<p>Finally, David Coppedge, former NASA systems engineer and science journalist, tackles a deep theological and scientific question: How can God resurrect bodies that have turned to dust? Drawing from his background in system backups and information theory, Coppedge reveals why identity is rooted in information, not atoms—and why resurrection is a promise we can believe with confidence.</p>

<p>Also featured: a Kids Corner on the discovery of the Dead Sea Scrolls, a Genesis Science Minute separating astronomy from astrology, and a Featured Resource highlighting global flood legends that support the biblical narrative.</p>

<p>This episode connects new scientific frontiers to ancient biblical truths—affirming that the God who created the heavens still holds every detail in His hands.</p>
      ",2025-07-21,"Mon, 21 Jul 2025 18:00:00 -0400",,true,"[""spotify"",""apple_podcasts""]",fireside,medium,false
S02E036,fireside,fireside_hub,https://gsr.fireside.fm/14,S02 Ep036 | Exposing Evolution’s Dark Past & The Real Story of Human Language,"
        <p>In Episode 36 of The Genesis Science Report, we kick off with a striking exploration of Utah’s Black Crack—and what it tells us about rapid geological processes and the Creator’s power. David Rives connects the beauty and complexity of Earth’s features to biblical history, challenging the notion that millions of years are required to explain our world.</p>

<p>Then, Dr. Carl Werner, historian of evolutionary theory and author of Untold Stories of Human Evolution, joins us to uncover the uncomfortable truth: early evolutionary scientists were not the champions of unbiased inquiry they’re often portrayed to be. Werner reveals how bigotry and misinformation were spread under the guise of science—shaping education and society in ways few realize.</p>

<p>Next, geneticist Dr. Jeff Tomkins returns to take on a new claim: that human language evolved 135,000 years ago. Drawing from cutting-edge genetics, Dr. Tomkins explains why language is best understood through a biblical lens—starting with Adam and culminating in the confusion at Babel. He shows how genetic patterns actually align with post-Flood human dispersion, not evolutionary models.</p>

<p>Also featured: a Kids Corner on the surprising properties of bismuth, a Genesis Science Minute on the mysteries of Uranus, and a Featured Resource that explores the overwhelming evidence for Noah’s Flood in The Ark and the Darkness.</p>

<p>From geology to language, this episode cuts through secular assumptions and highlights the biblical truths science continues to affirm.</p>
      ",2025-07-28,"Mon, 28 Jul 2025 18:00:00 -0400",,true,"[""spotify"",""apple_podcasts""]",fireside,medium,false
S02E037,fireside,fireside_hub,https://gsr.fireside.fm/15,S02 Ep037 | DNA Myths Shattered and Climate Fears Examined,"
        <p>In Episode 37 of The Genesis Science Report, we begin with a groundbreaking discussion on synthetic blood—an innovation that could transform emergency medicine and surgery. David Rives examines the promises and perils of this technology, connecting modern bioengineering to the biblical truth that “the life of the flesh is in the blood,” and urging discernment as science pushes the boundaries of life itself.</p>

<p>Next, Dr. Carl Werner joins us to unpack new research that shatters one of evolution’s most repeated claims: that humans and chimpanzees are “98.8% genetically identical.” Werner explains how this figure dominated textbooks and museum exhibits for decades, why new data reveals a far greater genetic gap, and what it means for understanding humanity’s unique design in light of Scripture.</p>

<p>Then, meteorologist and creation researcher Michael Oard addresses media headlines warning of a “collapsing” Atlantic ocean current that could trigger climate catastrophe. Oard examines what the data really shows, separates hype from evidence, and offers a biblical perspective on Earth’s climate resilience—grounding the discussion in history and God’s providence over creation.</p>

<p>Also featured: a Kids Corner exploring the vast world of arthropods, a Genesis Science Minute on how folded rock layers point to a global Flood, and a Featured Resource spotlighting Genetic Entropy by Dr. John Sanford—a powerful exploration of why genomes are degenerating, not evolving upward.</p>

<p>This episode bridges cutting‑edge science with timeless biblical truths—affirming that the God who created the heavens still holds every detail in His hands.</p>
      ",2025-08-04,"Mon, 04 Aug 2025 18:00:00 -0400",,true,"[""spotify"",""apple_podcasts""]",fireside,medium,false
S02E038,fireside,fireside_hub,https://gsr.fireside.fm/16,S02 Ep038 | Quantum Gravity Breakthrough and Gold in Earth’s Core?,"
        <p>In Episode 38 of The Genesis Science Report, we begin with a powerful monologue marking the centennial of the Scopes “Monkey” Trial—a landmark courtroom clash that shaped the public’s view of science, faith, and education. David Rives revisits the historical narrative, separating myth from reality, and challenges listeners to reconsider how the trial’s legacy still influences today’s cultural debates over evolution and biblical creation.</p>

<p>Next, Dr. Mike Houts, nuclear engineer and NASA Distinguished Service Medal recipient, joins us to discuss a breakthrough quantum gravity model developed by Finnish researchers. Could this new framework unify fundamental forces and move beyond Big Bang assumptions? Dr. Houts unpacks the science, the philosophical implications, and why objective research often points to design rather than chance.</p>

<p>Finally, geologist Dr. Tim Clarey addresses a headline grabbing attention worldwide: “Gold is leaking from Earth’s core.” He examines the data behind this claim, highlights the role of isotopic analysis, and explains how a creation-based flood model offers a simpler explanation than deep‑time speculation.</p>

<p>Also featured: a Kids Corner exploring the fascinating design of wolves, a Genesis Science Minute on why the Creator entered His own creation, and a Featured Resource spotlighting Mike Oard’s Flood by Design, an accessible guide to understanding how the Genesis Flood shaped Earth’s surface.</p>

<p>This episode combines cultural history with cutting‑edge research and biblical insight—reminding us that even a century after the Scopes Trial, the evidence for God’s handiwork is stronger than ever.</p>
      ",2025-08-11,"Mon, 11 Aug 2025 18:00:00 -0400",,true,"[""spotify"",""apple_podcasts""]",fireside,medium,false
S02E039,fireside,fireside_hub,https://gsr.fireside.fm/17,S02 Ep039 | Exodus Pharaoh Debate + Fossils in the Wrong Places,"
        <p>In Episode 39 of The Genesis Science Report, David Rives opens with a thought‑provoking monologue on neuroscience and the soul. Drawing from the work of neurosurgeon Dr. Michael Egnor, David explores near‑death experiences, cases of unexpected lucidity, and why immaterial aspects of the mind point to a purposeful Creator rather than random chance.</p>

<p>Next, Egyptologist Nate Loper joins us to analyze new claims linking Pharaoh Ramesses II to the biblical Exodus. Loper explains why this association—popularized by Hollywood and certain headlines—doesn’t align with Scripture or archaeology, and how the timeline instead points to the 18th Dynasty and Pharaoh Amenhotep II. He also unpacks the biblical clues that strengthen our confidence in the historical Exodus.</p>

<p>Finally, paleontologist Tommy Lohman addresses the mystery of fossils found “where they shouldn’t be”—like marine creatures atop mountain ranges. Lohman discusses rapid fossilization, “living fossils” that defy evolutionary timelines, and why these discoveries fit far better within the catastrophic framework of Noah’s Flood than millions of years of gradual change.</p>

<p>Also featured: a Kids Corner on quartz and silicon—materials that reveal God’s provision for technology, a Genesis Science Minute connecting Genesis 1:1 to time, space, and matter, and a Featured Resource, He Made the Stars Also by Stuart Burgess, exploring how belief in a Creator fuels scientific curiosity.</p>

<p>This episode ties together neuroscience, archaeology, and paleontology—showing how the evidence across disciplines consistently affirms the truth of God’s Word.</p>
      ",2025-08-18,"Mon, 18 Aug 2025 18:00:00 -0400",,true,"[""spotify"",""apple_podcasts""]",fireside,medium,false
S02E040,fireside,fireside_hub,https://gsr.fireside.fm/18,S02 Ep040 | New Cosmic Countown? And Why Satire Still Speaks Truth,"
        <p>In Episode 40 of The Genesis Science Report, David opens with a timely look at fasting—contrasting evolutionary claims that it’s a survival adaptation with the biblical understanding of fasting as a discipline rooted in faith. Drawing on both modern nutritional science and Scripture, he examines how a balanced approach to fasting can promote physical, mental, and spiritual health without buying into evolutionary narratives.</p>

<p>Next, astronomy educator James Worrell tackles alarming headlines claiming scientists have calculated when the universe will end—and that the date is closer than expected. From Hawking radiation to quantum physics, Worrell breaks down the science behind these predictions and explains why the Bible offers a far more hopeful perspective, one that points to God’s plan for a new heaven and a new earth.</p>

<p>Finally, Seth Dillon, CEO of The Babylon Bee, joins the conversation to discuss how satire has become one of the last cultural tools capable of challenging scientism and political correctness. Dillon explains how humor exposes contradictions, bypasses censorship, and forces audiences to confront the underlying assumptions behind “The Science.”</p>

<p>Also featured: a Kids Corner on the mighty Mosasaur—an aquatic reptile that ruled the seas before the Flood, a Genesis Science Minute on geology’s testimony to Noah’s day, and a Featured Resource, Chimps and Humans by Dr. Jeffrey Tomkins, which dismantles the popular claim that human and chimpanzee DNA are nearly identical.</p>

<p>This episode blends science, history, and cultural commentary—reminding listeners that truth is not only discoverable but worth defending.</p>
      ",2025-08-25,"Mon, 25 Aug 2025 18:00:00 -0400",,true,"[""spotify"",""apple_podcasts""]",fireside,medium,false
S02E041,fireside,fireside_hub,https://gsr.fireside.fm/19,S02 Ep041 | Surviving Mount St. Helens + Gold Nanotech for Blindness,"
        <p>In Episode 41 of The Genesis Science Report, David opens with a look at recent claims of potential life on exoplanet K2-18b, where scientists have detected atmospheric compounds that on Earth are typically produced by living organisms. David explores both the excitement and the caution surrounding such discoveries, reminding us that while science uncovers fascinating possibilities, these findings ultimately point to the creativity of the Designer.</p>

<p>Next, filmmaker Michael Lienau shares his gripping firsthand account of surviving the 1980 Mount St. Helens eruption. Trapped in the blast zone during a second eruption, Lienau’s story is one of providence, faith, and resilience—offering a rare window into a geological event that reshaped the landscape in hours and challenged long-held assumptions about Earth’s history.</p>

<p>Then, physicist Dr. Jake Hebert of the Institute for Creation Research examines new Ice Age fossil discoveries that suggest parts of North America were grasslands rather than frozen wastelands. He explains how these findings fit within a post-Flood climate model and why they challenge conventional evolutionary timelines.</p>

<p>Finally, biologist Dr. Jerry Bergman discusses an innovative new treatment for blindness that uses gold nanoparticles to stimulate deeper retinal cells. He shows how this cutting-edge research not only offers hope for restoring vision but also highlights the incredible layers of design built into the human eye.</p>

<p>Also featured: a Kids Corner on volcanic ash and minerals from Mount St. Helens, a Genesis Science Minute on morality and human worth, and a Featured Resource—Replacing Darwin by Dr. Nathaniel Jeanson—offering a genetics-based model that replaces outdated evolutionary ideas.</p>

<p>This episode blends breaking science, history, and faith—revealing God’s handiwork in creation and His providence in life’s most powerful moments.</p>
      ",2025-09-01,"Mon, 01 Sep 2025 18:00:00 -0400",,true,"[""spotify"",""apple_podcasts""]",fireside,medium,false
S02E042,fireside,fireside_hub,https://gsr.fireside.fm/20,S02 Ep042 | Big Bang Challenged + DNA Experiment Raises Questions,"
        <p>In Episode 42 of The Genesis Science Report, David opens with a thought-provoking monologue on the unseen dimensions of creation. From the fourth dimension of space-time to the hypercube of mathematics, David explains how physics pushes us to consider realities beyond what we can see—and how Scripture reminds us that faith is the “evidence of things not seen.”</p>

<p>Next, physicist and astronomer Dr. Don DeYoung examines fresh James Webb Space Telescope findings that have reignited debate over the Big Bang. Could the universe’s expansion be an illusion? DeYoung explains the flaws in redshift, why tired light theory is resurfacing, and how Christians should think about shifting cosmological models in light of God’s Word.</p>

<p>Then, Dr. Carl Werner turns to human evolution’s crumbling icons—focusing on Toumai, once hailed as the oldest human ancestor. Werner reveals exclusive evidence of hidden bones, falsified claims, and misrepresentations in museums worldwide, showing why the fossil record doesn’t support ape-to-man evolution but instead points back to biblical creation.</p>

<p>Finally, apologist and engineer Jay Seegert addresses a widely shared experiment where scientists inserted human DNA into a mouse and saw its brain grow 6% larger. Seegert explains what the study really showed, why bigger doesn’t equal smarter, and how fuzzy scientific language often sells evolution rather than truth.</p>

<p>Also featured: a Kids Corner on the one-of-a-kind platypus, a Genesis Science Minute on the beauty of fall leaves, and a Featured Resource—Inside Noah’s Ark: Why It Worked—which answers practical questions about how Noah’s Ark was engineered for survival.</p>

<p>This episode combines cutting-edge science and cultural debate with timeless biblical wisdom—reminding us that what is unseen is often the most real of all.</p>
      ",2025-09-08,"Mon, 08 Sep 2025 18:00:00 -0400",,true,"[""spotify"",""apple_podcasts""]",fireside,medium,false
S02E043,fireside,fireside_hub,https://gsr.fireside.fm/21,S02 Ep043 | Mars “Skull Hill” and the Mystery of Cambrian Life,"
        <p>In Episode 43 of The Genesis Science Report, David opens with a powerful reflection on Artificial Intelligence as a modern-day Tower of Babel. Just as humanity once sought to build without God, today’s AI systems unify language and knowledge in ways that raise both opportunity and danger—reminding us that true wisdom begins with the fear of the Lord.</p>

<p>Next, planetary geologist Dr. Kirby Runyon joins us to analyze a Mars photo dubbed “Skull Hill,” which has fueled speculation about life on the Red Planet. Runyon explains how wind-sculpted rocks known as ventifacts, common in Earth’s deserts, can mimic familiar shapes and why Christians should approach the search for extraterrestrial life with both curiosity and discernment.</p>

<p>Then, paleobiochemist Dr. Brian Thomas examines a headline-making discovery of preserved soft tissues in dinosaur fossils. Researchers claim these remains may even inform cancer research—but Thomas highlights why fragile tissues lasting tens of millions of years defy evolutionary timelines and instead point to rapid burial in a global Flood.</p>

<p>Finally, geoscientist Paul Garner takes us into the fossil record’s biggest puzzle: the Cambrian Explosion. Garner explains why the sudden appearance of complex life remains a profound challenge to gradual evolutionary theory and how trace fossils instead support the biblical account of a world reshaped by the Flood.</p>

<p>Also featured: a Kids Corner correcting Hollywood’s “Velociraptor” myth, a Genesis Science Minute on tardigrades, and a Featured Resource—Starlight and Time by Dr. Russell Humphreys—providing answers to the “starlight problem” within a young-universe framework.</p>

<p>This episode blends modern technology, planetary geology, paleobiology, and cosmology—revealing that from AI to ancient fossils, the evidence continues to affirm God’s Word.</p>
      ",2025-09-15,"Mon, 15 Sep 2025 18:00:00 -0400",,true,"[""spotify"",""apple_podcasts""]",fireside,medium,false
S02E044,fireside,fireside_hub,https://gsr.fireside.fm/22,S02 Ep044 | Scopes Trial at 100 and Nuclear Space Travel,"
        <p>In Episode 44 of The Genesis Science Report, David opens with a sharp look at the United Nations and the Human Rights Council—asking whether these institutions truly uphold human dignity or if their foundations have been eroded by Darwinian philosophy. David highlights how rejecting human exceptionalism in favor of naturalistic equality leads to dangerous moral confusion, reminding us that only the biblical worldview upholds the true value of human life.</p>

<p>Next, Christian apologist Dr. Brad Harrub joins us in-studio to mark the 100th anniversary of the Scopes Monkey Trial. Harrub explains what really happened in Dayton, Tennessee, how media spin distorted the event, and why its courtroom clash still shapes education and public perception of creation vs. evolution today.</p>

<p>Then, biochemist Dr. Joe Deweese tackles the classic question: Which came first, the chicken or the egg? Drawing from molecular biology and DNA research, Deweese shows why irreducible complexity in reproduction points away from chance evolution and toward intentional design.</p>

<p>Finally, NASA nuclear engineer Dr. Mike Houts takes us into the future with nuclear propulsion technology. Houts explains how advanced systems could cut travel time to Mars in half, why worldview assumptions matter in space exploration, and how the precision of the cosmos points to the handiwork of the Creator.</p>

<p>Also featured: a Kids Corner on cone shells and their deadly design, a Genesis Science Minute on the joy and health benefits of dancing, and a Featured Resource—Incredible Creatures That Defy Evolution—revealing animals whose features can only be explained by God’s creativity.</p>

<p>This episode blends cultural critique, historical reflection, molecular biology, and cutting-edge space technology—each reinforcing the truth that creation testifies to its Creator.</p>
      ",2025-09-22,"Mon, 22 Sep 2025 18:00:00 -0400",,true,"[""spotify"",""apple_podcasts""]",fireside,medium,false
S02E045,fireside,fireside_hub,https://gsr.fireside.fm/23,S02 Ep045 | Raptor Fossils and Solar Flares,"
        <p>In Episode 45 of The Genesis Science Report, David opens with a timely monologue on wearable technology. From smartwatches to implantable devices, innovations are transforming health and convenience—but also raising ethical questions about privacy, autonomy, and identity. David reminds us that while technology can be a powerful tool, only God defines our worth as individuals created in His image.</p>

<p>Later, microbiologist Dr. Andrew Fabich addresses a fresh origin-of-life claim—that Earth’s early atmosphere might have shielded fragile molecules long enough for life to form. Fabich highlights the flaws in this model, from missing oxygen to absent information, and explains why design and creation remain the only consistent explanations for life’s beginnings.</p>

<p>Finally, astrophysicist Dr. Ed Holroyd joins us to discuss solar flares—the most powerful eruptions on the sun—and their impact on Earth. Holroyd explains how our magnetic field and atmosphere perfectly shield life from these violent bursts, highlighting Earth’s uniqueness and God’s providential design.</p>

<p>Also featured: a Kids Corner on the largest land animals—elephants, mammoths, and mastodons, a Genesis Science Minute on the importance of play, and a Featured Resource—How Do We Know the Bible Is True? by Ken Ham and Bodie Hodge, equipping believers to defend Scripture with clarity and confidence.</p>

<p>This episode spans technology, fossils, origins, and astronomy—each pointing back to the wisdom and design of our Creator.</p>
      ",2025-10-06,"Mon, 06 Oct 2025 18:00:00 -0400",,true,"[""spotify"",""apple_podcasts""]",fireside,medium,false
S02E046,fireside,fireside_hub,https://gsr.fireside.fm/24,S02 Ep046 | Climate Change in Classrooms + Black Hole Bounce Theory,"
        <p>In Episode 46 of The Genesis Science Report, David opens with a deep look at the so-called seven deadly sins—not just as moral failures but as forces that literally rewire the brain. From pride diminishing empathy to envy hijacking dopamine pathways, neuroscience is catching up to what Scripture has always said: sin reshapes our minds and lives. David shows why the biblical call to renewal through Christ brings not only spiritual freedom but also mental restoration.</p>

<p>Next, apologist Bodie Hodge addresses how climate change is being taught in schools. Are children being equipped with science, or indoctrinated with fear? Hodge examines claims about CO2, rising seas, and climate alarmism, revealing how Scripture provides balance, context, and hope in a world often driven by environmental panic.</p>

<p>Then, geoscientist Dr. Stephen Taylor discusses new research identifying “gaps” in Earth’s rock record—stretches of missing time that challenge uniformitarian geology. Taylor explains why these discontinuities fit better with the biblical Flood than with slow-and-steady evolutionary models.</p>

<p>Finally, astrophysicist Dr. Jason Lisle weighs in on the “Black Hole Bounce” model, which suggests our universe began not with a bang but with a rebound inside a black hole. Lisle breaks down the theory in plain terms, evaluates whether it solves the Big Bang’s problems, and shows why the Bible’s creation account remains the most compelling explanation for our origins.</p>

<p>Also featured: a Kids Corner comparing moths and butterflies, a Genesis Science Minute on the wonder of breathing, and a Featured Resource—Thousands Not Billions by Dr. Don DeYoung—equipping believers to answer deep-time claims with cutting-edge research.</p>

<p>This episode ties together neuroscience, climate, geology, and cosmology—reminding us that whether in the mind, the earth, or the heavens, God’s truth stands firm.</p>
      ",2025-10-13,"Mon, 13 Oct 2025 18:00:00 -0400",,true,"[""spotify"",""apple_podcasts""]",fireside,medium,false
S02E047,fireside,fireside_hub,https://gsr.fireside.fm/25,"S02 Ep047 | Neanderthal Brains, Fusion Gold, and Grand Canyon Fossils","
        <p>In Episode 47 of The Genesis Science Report, David Rives opens with powerful new archaeological discoveries from the ancient site of Megiddo—known biblically as Armageddon. From artifacts confirming the death of King Josiah to a newly uncovered Christian mosaic floor referencing “God Jesus Christ,” these finds provide extraordinary confirmation of Scripture’s accuracy and enduring legacy. David connects these discoveries to Revelation’s prophecy of Armageddon, reminding us that archaeology continues to affirm the truth of God’s Word.</p>

<p>Next, science historian Dr. Jerry Bergman joins the program to discuss groundbreaking research on Neanderthal toolmaking. Once dismissed as primitive cave-dwellers, Neanderthals are now recognized as intelligent, skilled artisans—fully human and capable of symbolic thought. Dr. Bergman explains how their craftsmanship, jewelry, and burial practices dismantle the “ape-man” narrative and affirm that all humans descend from Adam and Eve.</p>

<p>Then, nuclear scientist Dr. Artem Oganov evaluates a startling claim from a U.S. startup: that it can turn mercury into gold using nuclear fusion. Oganov breaks down what nuclear reactions really are, explains why this process is scientifically implausible, and warns against confusing speculation with true science. The discussion underscores how even our most advanced technologies pale in comparison to the wisdom and design evident in creation.</p>

<p>Finally, Canyon Ministries’ Nate Loper reveals an astonishing fossil discovery in the Grand Canyon’s Bright Angel Formation—soft-bodied Cambrian creatures preserved with exquisite detail. Loper explains why such preservation defies deep-time explanations and instead fits perfectly within the framework of rapid, catastrophic burial during the global Flood.</p>

<p>Also featured: a Kids Corner exploring the intricate design of the human ear, a Genesis Science Minute on your body’s incredible energy systems, and a Featured Resource—The Fossil Book by Dr. Gary Parker—showing why the fossil record supports biblical creation, not evolution.</p>

<p>This episode connects archaeology, anthropology, physics, and paleontology—all pointing to one truth: God’s Word is trustworthy from the very first verse.</p>
      ",2025-10-20,"Mon, 20 Oct 2025 18:00:00 -0400",,true,"[""spotify"",""apple_podcasts""]",fireside,medium,false
S02E048,fireside,fireside_hub,https://gsr.fireside.fm/26,"S02 Ep048 | Extinction Warnings, Radioactive Dogs, and AI Singularity Fears","
        <p>In Episode 48 of The Genesis Science Report, David opens with breathtaking new images of the sun’s poles—captured for the first time in history by NASA and the European Space Agency. These revolutionary photos reveal intricate magnetic activity and cycles of energy that scientists have never seen before. David connects these discoveries to Scripture, reminding us that the sun has always declared the glory of its Maker and that even our most advanced technology is only now catching up to the design God built into creation.</p>

<p>Next, author and creation speaker Brian Young joins the show to discuss a troubling claim circulating through mainstream media: that humanity may be heading toward extinction due to falling birthrates and social decline. Is the human race really in danger—or is this another example of misplaced fear? Young unpacks what Scripture says about population, purpose, and God’s sovereignty over the future of mankind.</p>

<p>Then, biologist and The Riot and the Dance host Dr. Gordon Wilson explores a strange and fascinating case from Chernobyl, where wild dogs have survived—and even thrived—in one of the most radioactive places on Earth. Are these animals “evolving,” or simply adapting within the boundaries of God’s design? Wilson shows how the Creator built creatures with remarkable resilience, even in the harshest environments.</p>

<p>Finally, Dr. Steve Furber, a pioneer in computer engineering and one of the designers of the ARM processor, joins the program to discuss artificial intelligence and the looming “singularity.” He explains what this concept actually means, why it captures so much attention, and whether machines will ever truly surpass the human mind. Despite AI’s astonishing progress, Furber reminds us that no algorithm can replicate the soul, consciousness, or creativity God gave to humanity.</p>

<p>Also featured: a Kids Corner retelling the story of the Tower of Babel, a Genesis Science Minute exploring food as evidence of God’s goodness, and a Featured Resource—Information: The Key to Life by Dr. Werner Gitt, revealing how DNA itself points directly to a Designer.</p>

<p>This episode combines astronomy, anthropology, biology, and technology—showing once again that from the stars above to the code within, all creation points back to its Creator.</p>
      ",2025-10-27,"Mon, 27 Oct 2025 18:00:00 -0400",,true,"[""spotify"",""apple_podcasts""]",fireside,medium,false
S02E049,fireside,fireside_hub,https://gsr.fireside.fm/27,"S02 Ep049 | Rewriting Life’s Code, Earth’s Lost Oceans, and Ringed Earth Theory","
        <p>In Episode 49 of The Genesis Science Report, David opens with a fascinating deep dive into the “Year of Quantum Science and Technology.” From the mysterious behavior of subatomic particles to the mind-bending double-slit experiment, David explores how the smallest details of the universe display divine design. He highlights how new breakthroughs—like quantum computing, cryptography, and teleportation—don’t point to randomness, but to the careful order and structure built into creation by a brilliant Designer.</p>

<p>Next, molecular geneticist Dr. Andrew Fabich joins the show to discuss the latest headlines claiming scientists have “rewritten life’s code.” Using E. coli, researchers say they’ve altered genetic instructions to create synthetic life—but Dr. Fabich explains what was really done and why this discovery actually reinforces the case for intelligent design. He unpacks the limits of genetic engineering, the importance of redundancy in DNA, and why life’s complexity continues to point back to the Creator.</p>

<p>Then, geologist Dr. Tim Clarey from the Institute for Creation Research examines a bold new claim that the Earth once absorbed massive amounts of ocean water, lowering global sea levels and altering the planet’s climate. Clarey explains why this idea is more speculation than science, and how the rock record—when viewed through the lens of the global Flood—makes much more sense than millions of years of plate tectonics and slow change.</p>

<p>Finally, science communicator James Worrell joins the conversation to analyze another surprising theory: that Earth may once have had rings like Saturn. Worrell explains the science behind this claim, what celestial evidence it’s based on, and how even speculative theories about planetary history can still point us to purpose, design, and the creative brilliance of God.</p>

<p>Also featured: a Kids Corner highlighting the Venus’ Flower Basket—an ocean sponge made of glass that engineers are studying for its perfect structural design, a Genesis Science Minute exploring the incredible timing of the cicada’s life cycle, and a Featured Resource—The Design and Complexity of the Cell by Dr. Jeffrey Tomkins, revealing how life’s smallest systems proclaim a Designer.</p>

<p>This episode brings together physics, genetics, geology, and astronomy—all revealing the same truth: from the quantum world to the vast cosmos, creation bears the unmistakable fingerprints of God.</p>
      ",2025-11-03,"Mon, 03 Nov 2025 18:00:00 -0500",,true,"[""spotify"",""apple_podcasts""]",fireside,medium,false
S02E050,fireside,fireside_hub,https://gsr.fireside.fm/28,"S02 Ep050 | Monkey Bones, Museums, and the Dark Side of Evolution","
        <p>In Episode 50 of The Genesis Science Report, David opens with a powerful warning about humanity’s growing desire to redesign itself. From embryo selection to CRISPR gene editing, science is rapidly approaching the ability to engineer “designer babies.” David examines what this means for human dignity, the sanctity of life, and the biblical truth that we are created in God’s image. Through Scripture and history, he shows how this push for genetic “perfection” echoes the dark legacy of eugenics—and why true wisdom begins not in the lab, but in submission to our Creator.</p>

<p>Next, Dr. Carl Werner joins the program to uncover one of the most astonishing stories in modern science: how bones from monkeys, dolphins, and even dogs were misidentified and presented as human ancestors. Drawing from years of first-hand research, museum photography, and interviews with evolutionary experts, Dr. Werner exposes how human evolution displays have been built on flawed or fabricated evidence—and why the real story points back to humanity’s special creation.</p>

<p>Finally, wildlife expert Michael Maughon returns to the studio for another hands-on look at the incredible diversity of God’s creatures. From intricate design to instinctive behavior, Maughon reveals how animals reflect both beauty and purpose in creation—reminding us that even the smallest details of nature proclaim a brilliant Designer.</p>

<p>Also featured: a Kids Corner on spacewalk gloves and the engineering marvels that mirror God’s handiwork, a Genesis Science Minute exploring the wonders of the Ozarks, and a </p>

<p>Featured Resource—How Do We Know the Bible Is True? by Ken Ham and Bodie Hodge, offering biblical answers to questions about faith, science, and Scripture.<br>
This milestone episode bridges bioethics, paleontology, and zoology—underscoring that when science and Scripture meet, truth always confirms the Creator’s design.</p>
      ",2025-11-10,"Mon, 10 Nov 2025 18:00:00 -0500",,true,"[""spotify"",""apple_podcasts""]",fireside,medium,false
S02E051,fireside,fireside_hub,https://gsr.fireside.fm/29,"S02 Ep051 | Harpy Eagles, Living Fossils, and the Truth Behind Babel","
        <p>In Episode 51 of The Genesis Science Report, David begins with a fascinating look at the science and symbolism of static electricity. From the simple shock of touching a doorknob to industrial “invisible walls” of electrostatic force, David shows how unseen physical laws mirror spiritual truths—reminding us that “the invisible things of God are clearly seen” through creation.</p>

<p>Next, Doug Velting from The Creation Club joins the program to discuss one of nature’s most magnificent raptors—the harpy eagle. With talons rivaling a grizzly bear’s claws, near-supernatural eyesight, and flight precision that dominates the rainforest, this bird exemplifies power and beauty by design. Velting explains how each feature, from its facial feathers to its family behavior, reflects a Creator who values both strength and purpose.</p>

<p>Then, Dr. Jerry Bergman returns to analyze new research on the coelacanth—the so-called “living fossil” once thought to bridge fish and land animals. A detailed anatomical study revealed that nearly 90% of prior reconstructions were wrong, overturning decades of evolutionary claims. Dr. Bergman unpacks how this discovery reinforces the stability of God’s creation and exposes the fragility of evolutionary storytelling.</p>

<p>Finally, explorer and author Vance Nelson takes viewers from fossils to the foundations of civilization with his newest book, Banished from Babel. Through global field research, Nelson traces linguistic, architectural, and cultural evidence that connects ancient civilizations back to the real, historical Tower of Babel—showing that Genesis provides the true origin story for humanity’s shared past.</p>

<p>Also featured: a Kids Corner on scallops—the “clapping swimmers” of the sea—highlighting God’s design even in shellfish, a Genesis Science Minute about creation outreach on radio, and a Featured Resource—The Rocks Cry Out 3-Volume DVD Set, equipping families to explore the evidence for biblical creation through stunning visuals and expert teaching.</p>

<p>This episode bridges physics, biology, paleontology, and archaeology—all pointing to one conclusion: from static charge to ancient civilizations, creation continues to testify to its Creator.</p>
      ",2025-11-17,"Mon, 17 Nov 2025 18:00:00 -0500",,true,"[""spotify"",""apple_podcasts""]",fireside,medium,false
S02E052,fireside,fireside_hub,https://gsr.fireside.fm/30,"S02 Ep052 | DNA, Nature’s Blueprints, and the Age of Design Begins","
        <p>In Episode 52 of The Genesis Science Report, David Rives opens with a gripping look at one of the most volatile regions on Earth—the Pacific Ring of Fire. From historic mega-eruptions like Krakatoa to devastating quakes such as the 2011 Tōhoku disaster, David walks through the raw power beneath our feet and explains why the often-ignored Cascadia Subduction Zone may pose one of the greatest natural threats to North America today. Yet amid the shaking ground, Scripture reminds us that the Earth is the Lord’s—and its power points back to His design, not chaos.</p>

<p>Next, we launch a groundbreaking new multi-episode series: Age of Design. World-renowned chemist Dr. James Tour joins us for the debut installment to expose the scientific cracks in origin-of-life research. From the impossible complexity of the cell to the information-rich structure of DNA, Dr. Tour explains why every major discovery since 1931 has pushed science further away from chance origins and closer toward design. This conversation lays the foundation for an ongoing series exploring the evidence that we are intentionally, purposefully made.</p>

<p>Finally, engineer Professor Andy McIntosh joins David in-studio to explore the growing field of biomimicry—where human engineers copy systems already perfected in nature. Whether it’s termite mounds inspiring self-cooling architecture, beetles informing propulsion systems, or geckos shaping robotics, McIntosh explains why the act of copying nature only makes sense if nature was designed in the first place. Biomimicry isn’t just clever engineering—it’s a quiet testimony to the Creator’s brilliance.</p>

<p>Also featured: a Kids Corner on the scallop—an unexpected swimmer with more than 200 eyes, a Genesis Science Minute highlighting the renewal system built into human skin, and a Featured Resource—The Rocks Cry Out 9-DVD series, offering a powerful visual tour through the science that confirms Genesis.</p>

<p>This episode blends geology, chemistry, engineering, and Scripture—showing that from earthquakes to DNA, creation continually reveals the mind of its Designer.</p>
      ",2025-11-24,"Mon, 24 Nov 2025 18:00:00 -0500",,true,"[""spotify"",""apple_podcasts""]",fireside,medium,false
S02E053,fireside,fireside_hub,https://gsr.fireside.fm/31,"S02 Ep053 | Shadowless Sunlight, CRISPR Design, and the Fight for Free Speech","
        <p>In Episode 53 of The Genesis Science Report, David Rives opens with a fascinating exploration of shadows—how they’ve been used throughout history to measure the world, map the heavens, study other planets, and even build the earliest timekeeping tools. From sundials to eclipses to the rare “Lahaina Noon” when objects cast no shadow at all, David shows how the interplay of light and darkness reveals hidden structure in the world around us. He connects these scientific insights to the biblical reminder that even when we cannot see God directly, His presence and design are unmistakably reflected throughout creation.</p>

<p>Then we continue our groundbreaking Age of Design series with Part 2, featuring renowned chemist Dr. James Tour. This episode dives into the first of five scientific facts that challenge naturalistic origin-of-life theories—beginning with the fundamental question of whether unguided chemistry can produce even the basic building blocks of DNA or RNA. Dr. Tour explains the immense hurdles: unstable sugars, the chirality problem, destructive environmental conditions, the need for enzymes, and the fact that nucleobases don’t spontaneously assemble into nucleotides. Far from supporting randomness, every discovery highlights extraordinary precision—pointing to intentional design rather than chemical accident.</p>

<p>Also featured: a Genesis Science Q&amp;A addressing a major viewer question about GSN’s livestream, a Featured Resource offering clear answers on the age of the Earth, a Kids Corner on the muskox and its remarkable cold-weather adaptations, a Genesis Science Minute on the survival system built into the baobab tree, a Ministry Report highlighting recent in-studio interviews, and a Heavens Declare segment celebrating Charles Messier and his revolutionary star catalog.</p>

<p>This episode blends astronomy, physics, biology, and molecular chemistry—revealing how even light and shadow help tell the story of a world crafted with purpose.</p>
      ",2025-12-01,"Mon, 01 Dec 2025 18:00:00 -0500",,true,"[""spotify"",""apple_podcasts""]",fireside,medium,false
S02E054,fireside,fireside_hub,https://gsr.fireside.fm/32,S02 Ep054 | Snakes and Scientists: What’s Being Hidden from the Public?,"
        <p>In Episode 54 of The Genesis Science Report, David opens with a compelling look at recessive traits—the “hidden threads” woven into the fabric of genetics. From red hair and piebald deer to Type O blood and even earwax variations, David explains how these traits reveal order, predictability, and intentional preservation. Rather than supporting randomness or evolutionary elimination, recessive traits display balance, complexity, and surprising advantages—pointing to the handiwork of a Creator who values diversity in His design.</p>

<p>Next, wildlife educator Michael Maughon joins us in studio—along with several living snakes—to explore the extraordinary versatility of the snake kind. Michael examines how different species display unique features such as structural iridescence, precision heat-sensing, efficient locomotion without limbs, and impressive adaptability across habitats. Despite their differences, their underlying patterns reveal variation within clear boundaries—emphasizing design, not random evolution. Even animals as misunderstood as snakes remind us that creation reflects purpose, structure, and beauty.</p>

<p>Finally, Dr. Carl Werner exposes a stunning problem in the field of human evolution research: scientists refusing to allow access to original fossils. After interviewing dozens of leading paleoanthropologists over nearly three decades, Dr. Werner documents case after case where researchers deny colleagues the ability to inspect the very fossils used to support major evolutionary claims. Without verifiability or reproducibility—the hallmarks of real science—these claims become little more than untestable stories. Dr. Werner reveals why this widespread lack of transparency undermines confidence in the field and how his latest books and documentary series bring these issues into the light.</p>

<p>Also featured: a Kids Corner showcasing a thousand-year-old Exodus scroll from the Cairo Geniza, a Genesis Science Minute reflecting on the 2024 total solar eclipse, a Ministry Report celebrating two years of the Wonders Center &amp; Science Museum, and a Heavens Declare segment exploring Charles Messier’s groundbreaking catalog of the deep sky.</p>

<p>This episode brings together genetics, zoology, fossil science, and biblical archaeology—revealing once again that from the smallest traits to the biggest claims, creation consistently points back to its Designer.</p>
      ",2025-12-08,"Mon, 08 Dec 2025 18:00:00 -0500",,true,"[""spotify"",""apple_podcasts""]",fireside,medium,false
S02E055,fireside,fireside_hub,https://gsr.fireside.fm/33,"S02 Ep055 | AI Supports the Bible, But Can It Save Humanity?","
        <p>In Episode 55 of The Genesis Science Report, David opens with a compelling look at the laws of logic—the invisible rules that govern every thought, every conversation, and every scientific discovery. Are these laws merely human conventions, or do they point to something far deeper? David unpacks why logic cannot be explained by material processes alone and how its universality, immateriality, and unchanging nature point directly to the God who created an ordered universe. Even reasoning itself becomes evidence of design.<br>
Next, world-renowned engineering professor Dr. Andy McIntosh joins the program to explore the astonishing design of the human brain. Far more sophisticated than any computer system ever built, the brain operates through a network of chemical and electrical “circuits” that enable memory, language, creativity, and abstract thought. Dr. McIntosh explains how these systems couldn’t arise gradually through natural selection—but instead reflect purposeful engineering. From information processing to irreducibly complex neural pathways, the brain displays a level of ingenuity that mirrors the mind of a Creator.</p>

<p>Finally, genomic researcher Dr. Jeff Tomkins addresses a troubling trend emerging from Silicon Valley: embryo screening for predicted IQ. With tech executives reportedly paying tens of thousands of dollars to select embryos with preferred traits, a new frontier of human customization is rapidly unfolding. Dr. Tomkins explains why IQ prediction from genetics is scientifically unreliable, why humans cannot be reduced to data points, and how attempts to “design” intelligence misunderstand the complexity of God’s design for life. He also examines the ethical dangers of treating children like products—and contrasts this attitude with the biblical truth that human worth is inherent, not engineered.</p>

<p>Also featured:<br>
• A Kids Corner spotlighting the clever engineering of real-life shape-shifting animals<br>
• A Genesis Science Minute revealing how glaciers and pressure can fracture mighty rocks<br>
• A Featured Resource equipping viewers to engage with Scripture’s claims about creation<br>
• Ministry updates and a fresh look at God’s handiwork in the natural world</p>

<p>This episode bridges logic, neuroscience, genetics, and ethics—reminding us that from our thoughts to our DNA, every part of creation testifies to intentional, purposeful design.</p>
      ",2025-12-15,"Mon, 15 Dec 2025 18:00:00 -0500",,true,"[""spotify"",""apple_podcasts""]",fireside,medium,false
S02E056,fireside,fireside_hub,https://gsr.fireside.fm/34,S02 Ep056 | The Age Of Design Continues + Did Science Prove God?,"
        <p>In Episode 56 of The Genesis Science Report, David opens with a look at what some are calling a major turning point in science—a moment when discoveries in cosmology, physics, and molecular biology are pushing researchers to reconsider the idea of a created universe. From the fine-tuning of physical constants to the stunning complexity of DNA, David explores why many now see scientific evidence pointing not away from God, but back toward Him.</p>

<p>Then, the Age of Design series continues with world-renowned chemist Dr. James Tour, who examines why natural processes cannot account for the origin of life. Dr. Tour explains why carbohydrates fall apart before they can form useful sugars, why proteins require impossible levels of purity and precision, why cell membranes cannot form on their own, and why DNA—even if its ingredients somehow existed—cannot arrange itself into meaningful, information-rich sequences. Together, these facts show that life requires not just parts, but purposeful order, pointing unmistakably to design.</p>

<p>Also featured: a Genesis Science Q&amp;A on the fine-tuning of the universe, a Kids Corner exploring insect marvels, a Ministry Report celebrating new growth at the Wonders Center, and a Genesis Science Minute on the beauty of bioluminescence.</p>

<p>This episode blends chemistry, cosmology, and biblical insight—revealing that the deeper we explore creation, the more clearly it testifies to its Creator.</p>
      ",2025-12-22,"Mon, 22 Dec 2025 18:00:00 -0500",,true,"[""spotify"",""apple_podcasts""]",fireside,medium,false
S02E057,fireside,fireside_hub,https://gsr.fireside.fm/35,S02 Ep057 | Nature’s Superpowers: Owl Precision and Lizard Defenses,"
        <p>In Episode 57 of The Genesis Science Report, David explores the mysterious quantum observer effect—the discovery that particles behave differently when watched. David reflects on how this phenomenon mirrors a biblical truth: awareness shapes outcomes, and living with an awareness of God’s presence transforms the way we view the world.<br>
Next, wildlife expert Michael Maughon introduces one of Earth’s most formidable raptors—the Eurasian eagle-owl. With silent flight, powerful talons, and remarkable sensory precision, this owl demonstrates purposeful design in every detail.</p>

<p>Michael returns for a second segment highlighting the lizard kind, from skinks and geckos to uromastyx lizards. Camouflage, armor, tail-dropping escapes, and other built-in defense systems reveal a stunning variety of traits that help these creatures survive and thrive.</p>

<p>Also featured: a Kids Corner on animal ingenuity, a Genesis Science Minute about Earth’s molten core, and a Heavens Declare segment exploring what genetics reveals about Earth’s past.</p>
      ",2025-12-29,"Mon, 29 Dec 2025 18:00:00 -0500",,true,"[""spotify"",""apple_podcasts""]",fireside,medium,false
S02E058,fireside,fireside_hub,https://gsr.fireside.fm/36,"S02 Ep058 | Exoplanets, Fossil Secrets, And The Age Of Design","
        <p>In the final episode of Season 2, David takes viewers on a journey through NASA’s discovery of more than 6,000 exoplanets—lava worlds, water worlds, gas giants, and free-floating planets. Their breathtaking variety showcases the vastness of creation, yet none resemble Earth, the one world uniquely crafted to sustain life.</p>

<p>Next, Dr. Carl Werner returns with new revelations about the human-evolution narrative. He explains how several influential ape-man fossils have been kept out of scientific reach, raising serious questions about transparency and the strength of evolutionary claims.</p>

<p>Finally, Dr. James Tour brings the Age of Design series to a compelling close. He examines the intricate molecular machines required for even the simplest forms of life—systems so precise and interdependent that they cannot arise through unguided processes. Life, he concludes, demands intentional design.</p>

<p>Also featured: Kids Corner, a Genesis Science Minute on the human eye, and a Ministry Report celebrating God’s handiwork on display at the Wonders Center.</p>

<p>As Season 2 comes to a close, this episode reminds us once again that from distant planets to microscopic machines, creation continually points to its Creator.</p>
      ",2026-01-05,"Mon, 05 Jan 2026 18:00:00 -0500",,true,"[""spotify"",""apple_podcasts""]",fireside,medium,false
S03E001,fireside,fireside_hub,https://gsr.fireside.fm/37,"S03 Ep001 | Rising Continents, Ancient Clues, and the Limits of Science","
        <p>Season 3 of The Genesis Science Report begins with a closer look at science, history, and Scripture as David introduces a new season of deeper investigation.</p>

<p>This episode opens with recent archaeological findings from Egypt’s eastern frontier that align with key details in the biblical account of the Exodus, reinforcing that the Bible describes real events in real places.</p>

<p>Next, geologist Dr. Tim Clarey examines new satellite data showing parts of southern Africa rising above sea level. He explains how groundwater loss, tectonic movement, and post Flood geology may help explain these changes.</p>

<p>Later, astronomer Dr. Don DeYoung tackles a deceptively simple question. How many solar systems are in our galaxy? Despite thousands of exoplanet discoveries, he explains why uncertainty still remains and what that reveals about modern cosmological assumptions.</p>

<p>Also featured are a Kids Corner on plasma as the fourth state of matter, a Genesis Science Q and A on the origin of the laws of physics, and a Ministry Report highlighting outreach at the Wonders Center and Science Museum.</p>

<p>This Season 3 premiere sets the tone for what is ahead, showing that careful science continues to support the truth of God’s Word.</p>
      ",2026-02-09,"Mon, 09 Feb 2026 18:00:00 -0500",,true,"[""spotify"",""apple_podcasts""]",fireside,medium,false
S03E002,fireside,fireside_hub,https://gsr.fireside.fm/38,S03 Ep002 | From Fossils to Genetics: Rethinking Where We Came From,"
        <p>In this episode of The Genesis Science Report, we explore new discoveries that are reshaping conversations about science, history, and human origins.</p>

<p>The program opens with a surprising scientific breakthrough involving ultra thin, two dimensional materials like graphene. Researchers are uncovering unexpected properties that challenge what we thought we knew about light and matter, pointing to a deeper and more complex structure within creation.</p>

<p>Next, Dr. Jerry Bergman joins us to revisit one of evolution’s most famous fossils, Lucy. New research is raising serious questions about whether Lucy truly belongs on the human family tree. Dr. Bergman explains how limited fossil evidence and interpretation shaped the story, and why recent findings are forcing scientists to rethink long held assumptions.</p>

<p>Later, geneticist Dr. Jeff Tomkins examines new genetic studies involving Neanderthals. Rather than representing a separate, primitive species, the data increasingly points to Neanderthals as fully human, closely related to modern populations, and part of the natural diversity within mankind.</p>

<p>Also featured in this episode are a Kids Corner on mass fossil graveyards and rapid burial, a Genesis Science Q and A addressing common questions about Lucy, a Genesis Science Minute highlighting design in nature, and a Ministry Report from the Wonders Center and Science Museum.</p>

<p>Together, these conversations challenge familiar evolutionary narratives and point back to the biblical teaching that humanity is uniquely created in the image of God.</p>
      ",2026-02-16,"Mon, 16 Feb 2026 18:00:00 -0500",,true,"[""spotify"",""apple_podcasts""]",fireside,medium,false
S03E003,fireside,fireside_hub,https://gsr.fireside.fm/39,"S03 Ep003 | Energy, Eternity, and the Engineering of Life","
        <p>In this episode of The Genesis Science Report, we begin with a look at the powerful natural systems that shape our world, from hurricanes and volcanoes to the finely balanced processes that sustain life. While these systems can be both beautiful and destructive, they also reveal an underlying order that reflects intentional design.</p>

<p>Next, Dr. Rob Stadler joins us to explore how living cells harness energy without destroying themselves. He explains why raw energy like heat or radiation is destructive unless carefully controlled, and why the complex machinery required to manage energy in life could not have developed gradually.</p>

<p>Later, we turn to a deeper question with science writer David Coppedge as we ask, where is heaven? Drawing from Scripture, physics, and dimensional thinking, the conversation explores whether heaven exists beyond our observable universe and why modern science does not rule out a reality beyond what we can see.</p>

<p>Also featured in this episode are a Kids Corner on ocean creatures found both living and fossilized, a Genesis Science Q and A on the meaning of “formless and void” in Genesis, a Genesis Science Minute highlighting the role of bumblebees, and a Ministry Report with upcoming events at the Wonders Center and Science Museum.</p>

<p>Together, these discussions point to a world that is carefully ordered and a Creator who stands both above it and near to us.  ￼</p>
      ",2026-02-23,"Mon, 23 Feb 2026 18:00:00 -0500",,true,"[""spotify"",""apple_podcasts""]",fireside,medium,false
S03E004,fireside,fireside_hub,https://gsr.fireside.fm/40,"S03 Ep004 | Ancient Tools, Shared Origins, and a Biblical Blueprint","
        <p>In this episode of The Genesis Science Report, David opens with a remarkable astronomical event, Nova Centauri 2025, a stellar explosion bright enough to be seen with the naked eye. As we explore what caused the nova and where it appeared in the sky, the discussion turns to why our own sun remains unusually stable and perfectly suited for life, reflecting a universe governed by order and purpose.</p>

<p>Next, Dr. Carl Werner takes us inside the Smithsonian to examine how evolutionary ideas are presented in museum exhibits. Drawing attention to fossil displays, bird evolution claims, and DNA comparisons, he explains how selective storytelling and outdated assumptions can shape public understanding of human origins.</p>

<p>Later, Dr. Rob Stadler returns to address bold headlines claiming that the building blocks of life have been found in space. He explains why finding scattered molecules is not the same as explaining the origin of life, and why chemistry continues to point to clear limits on what unguided processes can accomplish.</p>

<p>Also featured are a Kids Corner on ancient stone tools and what they reveal about early human intelligence, a Genesis Science Q and A on post Flood rock formation, a Genesis Science Minute exploring the sense of smell, a Heavens Declare segment on human creativity, and a Ministry Report highlighting upcoming outreach and expeditions.</p>

<p>Together, this episode encourages careful thinking, honest science, and a renewed appreciation for the God who designed both the heavens above and life on Earth.  ￼</p>
      ",2026-03-02,"Mon, 02 Mar 2026 18:00:00 -0500",,true,"[""spotify"",""apple_podcasts""]",fireside,medium,false
S03E005,fireside,fireside_hub,https://gsr.fireside.fm/41,S03 Ep005 | From Coral Reefs to Cosmic Clues: Design at Every Scale,"
        <p>In this episode of The Genesis Science Report, we begin by examining proteins, the essential molecules that make life possible. New research is revealing just how precise and interconnected these systems are, reinforcing the idea that life operates according to an intentional blueprint rather than unguided processes.</p>

<p>Next, John Mackay joins us to separate fact from fiction surrounding the Great Barrier Reef. Drawing from firsthand field experience, he explains why coral growth and recovery are often misrepresented in climate headlines and why real world observations tell a very different story about the reef’s resilience.</p>

<p>Later, physicist Dr. Eric Hedin takes us into the realm of cosmology, where discoveries about the universe’s beginning, fine tuning, and mysterious forces like dark matter continue to point beyond material explanations. He explains why modern science has not eliminated the need for a Creator, but has made that conclusion harder to avoid.</p>

<p>Also featured are a Kids Corner on the first Bible printed in North America, a Genesis Science Q and A on the Ice Age, a Genesis Science Minute highlighting design in the human body, a Heavens Declare segment on the science of smiling, and a Ministry Report with updates from the Wonders Center and Science Museum.</p>

<p>Together, this episode highlights how careful observation and honest science consistently point back to a world designed with purpose and meaning. </p>
      ",2026-03-16,"Mon, 16 Mar 2026 18:00:00 -0400",,true,"[""spotify"",""apple_podcasts""]",fireside,medium,false
S03E006,fireside,fireside_hub,https://gsr.fireside.fm/43,S03 Ep006 | Shiloh Altar Discovery & DNA Science Breakthroughs,"
        <p>In this episode of The Genesis Science Report, David opens with an extraordinary archaeological discovery at Tel Shiloh in Israel. A stone altar horn uncovered at the site, along with other evidence from the surrounding layers, provides powerful confirmation of the biblical description of early Israelite worship and challenges long standing claims that these practices were invented centuries later. </p>

<p>Next, Dr. Joe DeWeese joins the conversation to explore extremophile microbes and what they reveal about the resilience and complexity of life. Some of these organisms survive in boiling springs and other harsh environments, and their unique biology has played a major role in advances in DNA research and molecular science.</p>

<p>Later, astrophysicist Dr. Jason Lisle examines the newest data coming from the James Webb Space Telescope. As astronomers peer deeper into the universe than ever before, some of the observations are raising unexpected questions about cosmic evolution and the age of the universe.</p>
      ",2026-03-23,"Mon, 23 Mar 2026 16:00:00 -0400",,true,"[""spotify"",""apple_podcasts""]",fireside,medium,false
S03E007,fireside,fireside_hub,https://gsr.fireside.fm/44,"S03 Ep007 | Fruit Fly Brain Map, Dinosaur Growth, and AI Limits","
        <p>In this episode of The Genesis Science Report, David opens with a fascinating look at the fruit fly brain. Scientists have now mapped its full wiring diagram, revealing an astonishing level of organization, specialization, and complexity packed into a brain smaller than a grain of sand. The discovery raises bigger questions about information, design, and what it really means for life to be “simple.”</p>

<p>Next, Jake Hebert joins the program to discuss new research suggesting that T. rex may have taken far longer to reach maturity than previously believed. The findings challenge the long popular idea that dinosaurs grew at extreme speeds and instead point toward slower growth patterns that fit better with a different view of Earth’s past.</p>

<p>Later, computer architect Steve Furber examines the race to model the human brain through artificial intelligence. As large scale simulations become more advanced, they are not making the brain seem easier to explain. They are revealing just how difficult it is to replicate intelligence, efficiency, and consciousness in a machine.</p>
      ",2026-03-30,"Mon, 30 Mar 2026 16:00:00 -0400",,true,"[""spotify"",""apple_podcasts""]",fireside,medium,false
S03E008,fireside,fireside_hub,https://gsr.fireside.fm/45,"S03 Ep008 | Fine-Tuned Universe, Space Microbes, and Human DNA","
        <p>In this episode of The Genesis Science Report, David opens with a big picture look at how belief in design is reentering mainstream scientific conversation. From cosmic fine tuning to the growing recognition of functional information in biology, he explores why more researchers are finding it harder to explain the universe as a product of chance alone.</p>

<p>Next, microbiologist Dr. Ian Macreadie joins the program to discuss a recent experiment involving viruses sent to the International Space Station. After returning to Earth, the viruses showed measurable changes in how effectively they infected bacteria. Dr. Macreadie explains what actually changed, why adaptation in a new environment is not the same as creating new genetic information, and what this kind of experiment can and cannot tell us about evolution.</p>

<p>Later, Dr. David DeWitt examines new claims about so called genetic “switches” that supposedly helped transform a primate brain into a human one. He unpacks the assumptions behind Human Accelerated Regions, the challenges of linking gene regulation to higher cognition, and why headlines about the evolutionary origin of human intelligence often go far beyond the evidence.</p>
      ",2026-04-06,"Mon, 06 Apr 2026 18:00:00 -0400",,true,"[""spotify"",""apple_podcasts""]",fireside,medium,false
S03E009,fireside,fireside_hub,https://gsr.fireside.fm/46,S03 Ep009 | NASA’s Moon Reactor & Ancient Engineering Beneath the Ocean,"
        <p>In this episode of The Genesis Science Report, David opens with a fascinating archaeological discovery from the coast of Brittany, France, where divers uncovered a massive submerged stone wall built from thousands of tons of granite. The structure challenges the common picture of early humans as primitive and instead points to organized communities capable of planning, engineering, and large scale construction.</p>

<p>Next, nuclear engineer Dr. Mike Houts joins the program to discuss NASA’s plans for a lunar surface reactor. He explains why nuclear power may be necessary for sustained human activity on the Moon, what kinds of engineering challenges come with building a reactor for space, and what this could mean for the future of exploration beyond Earth.</p>

<p>Later, field paleontologist Tommy Lohman examines new research suggesting that some giant sauropods may have been able to rear up on their hind legs. The conversation looks at the balance, muscle coordination, bone strength, and structural design required for animals of that size to move in ways more dynamic than many scientists once assumed.</p>
      ",2026-04-13,"Mon, 13 Apr 2026 18:00:00 -0400",,true,"[""spotify"",""apple_podcasts""]",fireside,medium,false
S03E010,fireside,fireside_hub,https://gsr.fireside.fm/42,"S03 Ep010 | Bacteria “Playing Dead”, ISS Retirement, and Gen Z Faith","
        <p>In this episode of The Genesis Science Report, David opens with a look at an extraordinary bacterium discovered in NASA clean rooms that can essentially “play dead” to survive extreme sterilization and environmental stress. Its ability to shut down and later revive challenges assumptions about how life survives and raises deeper questions about the sophistication built into even the smallest living systems.</p>

<p>Next, retired NASA astronaut Colonel Jeff Williams joins us to discuss the future of the International Space Station. With the station operating far beyond its original design life, Williams shares firsthand insight into how the ISS has held up, what risks come with extending its mission, and what retiring it could mean for the future of human space exploration.</p>

<p>Later, Christian speaker Brian Young examines a surprising cultural shift. While church attendance has declined for years, new data suggests Generation Z may be rediscovering faith in unexpected ways. Young helps unpack why belief may be becoming countercultural again and what opportunities this creates for meaningful conversations about biblical truth.</p>
      ",2026-04-20,"Mon, 20 Apr 2026 18:00:00 -0400",,true,"[""spotify"",""apple_podcasts""]",fireside,medium,false
S03E011,fireside,fireside_hub,https://gsr.fireside.fm/47,S03 Ep011 | AI Is Taking Over. Are Christians Ready?,"
        <p>Artificial intelligence isn&#39;t just a tool anymore. It&#39;s beginning to influence governance, ethics, and the decisions that shape public life. Dr. Charles Jackson breaks down what&#39;s at stake when algorithms start carrying authority. Then Dr. Paul Nelson on the quiet shift inside evolutionary biology, and why the iconic tree of life may not be the right picture anymore.</p>

<p>In this episode:</p>

<ul>
<li>Soft cells, the ISS, and the geometry written into living tissue</li>
<li>Dr. Charles Jackson on AI, control, and who&#39;s programming the future</li>
<li>The leatherback sea turtle and the design beneath the surface</li>
<li>A Kids Corner visit with Rigel the tegu lizard</li>
<li>Why is space so vast? A Genesis Science Q&amp;A</li>
<li>Featured Resource: A Good and Faithful Servant — the life of John C. Whitcomb</li>
<li>Dr. Paul Nelson on the tree of life, the tangled web, and what it means for origins</li>
</ul>

<p>Timecodes:<br>
Show Intro: 00:00<br>
Opening Monologue: 00:44<br>
Interview 1 — Dr. Charles Jackson: 08:03<br>
The Heavens Declare: 21:40<br>
Kids Corner: 28:07<br>
Genesis Science Q&amp;A: 31:44<br>
Ministry Report: 36:43<br>
Featured Resource: 38:56<br>
Genesis Science Minute: 40:26<br>
Interview 2 — Dr. Paul Nelson: 44:35</p>
      ",2026-04-27,"Mon, 27 Apr 2026 18:00:00 -0400",,true,"[""spotify"",""apple_podcasts""]",fireside,medium,false
S03E012,fireside,fireside_hub,https://gsr.fireside.fm/48,"S03 Ep012 | Pumas, Penguins, and Creation Care","
        <p>A successful conservation story in Patagonia is producing a result no one planned for — pumas hunting Magellanic penguins by the thousands. Dr. Gordon Wilson on what this reveals about ecosystem balance and the limits of human management. Plus, a closer look at one of North America&#39;s most extreme climbers: the Rocky Mountain goat, and the design features that let it live where almost nothing else can.</p>

<p>In this episode:</p>

<ul>
<li>Saturn&#39;s hexagonal storm and the order built into chaos</li>
<li>Doug Velting on the Rocky Mountain goat — designed for the cliffs</li>
<li>Rock layers and what they actually tell us about Earth&#39;s history</li>
<li>A Kids Corner visit with bears at the Wonder Center</li>
<li>Featured Resource: Understanding Genesis by Dr. Jason Lisle</li>
<li>Dr. Gordon Wilson on pumas, penguins, and what happens when conservation backfires</li>
</ul>

<p>Timecodes:<br>
Show Intro: 00:00<br>
Opening Monologue: 00:36<br>
Interview 1 — Doug Velting: 08:56<br>
The Heavens Declare: 21:59<br>
Kids Corner: 27:21<br>
Ministry Report: 33:18<br>
Featured Resource: 36:18<br>
Genesis Science Minute: 37:07<br>
Interview 2 — Dr. Gordon Wilson: 41:37</p>

<h1>GenesisScienceReport #DavidRives #CreationScience #Wildlife #Conservation #IntelligentDesign #RockyMountainGoat</h1>
      ",2026-05-04,"Mon, 04 May 2026 18:00:00 -0400",,true,"[""spotify"",""apple_podcasts""]",fireside,medium,false
S03E013,fireside,fireside_hub,https://gsr.fireside.fm/49,S03 Ep013 | When Evolution Stops Being Science,"
        <p>Most students are told evolution is settled science. But as new discoveries pile up around biological information and the origin of life, even mainstream researchers are quietly moving the goalposts. Dr. Charles G. Jackson on where observation ends and assumption begins. Then Dr. Glenn Wilson, a USDA soil scientist, on why a single storm can erase what textbooks claim took centuries to build.</p>

<p>In this episode:</p>

<ul>
<li>Cascadia, the San Andreas, and the earthquake link no one saw coming</li>
<li>Dr. Charles G. Jackson on evolution&#39;s drift into philosophy</li>
<li>Darwin&#39;s finches, 150 years later — what they actually show</li>
<li>A Kids Corner that starts in a tackle box and ends in a museum</li>
<li>A Genesis Science Q&amp;A on the world beyond what we can see</li>
<li>Featured Resource: The New Weather Book by meteorologist Michael Oard</li>
<li>Dr. Glenn Wilson on soil erosion, formation rates, and a landscape that can change in hours</li>
</ul>

<p>Timecodes:<br>
Show Intro: 00:00<br>
Opening Monologue: 00:34<br>
Interview 1 — Dr. Charles G. Jackson: 08:17<br>
The Heavens Declare: 21:31<br>
Kids Corner: 27:28<br>
Genesis Science Q&amp;A: 30:52<br>
Ministry Report: 34:54<br>
Featured Resource: 39:05<br>
Genesis Science Minute: 40:15<br>
Interview 2 — Dr. Glenn Wilson: 44:15</p>

<h1>GenesisScienceReport #DavidRives #CreationScience #Evolution #DarwinsFinches #SoilScience #Apologetics</h1>
      ",2026-05-01,"Fri, 01 May 2026 11:00:00 -0400",,true,"[""spotify"",""apple_podcasts""]",fireside,medium,false
,fireside,fireside_hub,https://gsr.fireside.fm/2,2: New Galaxies and Controversial Viking Bones,"
        
      ",2025-05-09,"Fri, 09 May 2025 23:15:00 -0400",,true,"[""spotify"",""apple_podcasts""]",fireside,low,true
,fireside,fireside_hub,https://gsr.fireside.fm/1,1: Dragon Tales and Gene Splicing,"
        
      ",2025-05-09,"Fri, 09 May 2025 23:00:00 -0400",,true,"[""spotify"",""apple_podcasts""]",fireside,low,true
